ensembl_id,gene_name,10k_hvg,tokenised_genes
ENSG00000137203,TFAP2A,included,included
ENSG00000008196,TFAP2B,included,included
ENSG00000087510,TFAP2C,included,included
ENSG00000008197,TFAP2D,not included,included
ENSG00000116819,TFAP2E,not included,included
ENSG00000116017,ARID3A,included,included
ENSG00000179361,ARID3B,included,included
ENSG00000205143,ARID3C,included,included
ENSG00000196843,ARID5A,not included,included
ENSG00000150347,ARID5B,included,included
ENSG00000117139,KDM5B,included,included
ENSG00000189079,ARID2,not included,included
ENSG00000153207,AHCTF1,included,included
ENSG00000126705,AHDC1,included,included
ENSG00000106948,AKNA,included,included
ENSG00000116539,ASH1L,not included,included
ENSG00000173894,CBX2,not included,included
ENSG00000101457,DNTTIP1,not included,included
ENSG00000104885,DOT1L,not included,included
ENSG00000140632,GLYR1,included,included
ENSG00000137309,HMGA1,included,included
ENSG00000149948,HMGA2,included,included
ENSG00000025293,PHF20,not included,included
ENSG00000135365,PHF21A,not included,included
ENSG00000126464,PRR12,not included,included
ENSG00000146285,SCML4,included,included
ENSG00000152217,SETBP1,included,included
ENSG00000080603,SRCAP,not included,included
ENSG00000188070,C11orf95,not included,included
ENSG00000237765,FAM200B,not included,included
ENSG00000141258,SGSM2,not included,included
ENSG00000214717,ZBED1,included,included
ENSG00000177494,ZBED2,included,included
ENSG00000132846,ZBED3,included,included
ENSG00000100426,ZBED4,not included,included
ENSG00000236287,ZBED5,not included,included
ENSG00000257315,ZBED6,not included,included
ENSG00000232040,ZBED9,included,included
ENSG00000106546,AHR,included,included
ENSG00000063438,AHRR,included,included
ENSG00000143437,ARNT,not included,included
ENSG00000172379,ARNT2,included,included
ENSG00000133794,ARNTL,included,included
ENSG00000029153,ARNTL2,included,included
ENSG00000139352,ASCL1,included,included
ENSG00000183734,ASCL2,included,included
ENSG00000176009,ASCL3,not included,not_included
ENSG00000187855,ASCL4,included,included
ENSG00000232237,ASCL5,included,included
ENSG00000172238,ATOH1,included,included
ENSG00000179774,ATOH7,included,included
ENSG00000168874,ATOH8,included,included
ENSG00000180535,BHLHA15,included,included
ENSG00000205899,BHLHA9,not included,included
ENSG00000180828,BHLHE22,included,included
ENSG00000125533,BHLHE23,included,included
ENSG00000134107,BHLHE40,included,included
ENSG00000123095,BHLHE41,included,included
ENSG00000250709,CCDC169-SOHLH2,not included,not_included
ENSG00000134852,CLOCK,included,included
ENSG00000116016,EPAS1,included,included
ENSG00000146618,FERD3L,not included,included
ENSG00000183733,FIGLA,not included,included
ENSG00000113196,HAND1,included,included
ENSG00000164107,HAND2,included,included
ENSG00000187821,HELT,not included,not_included
ENSG00000114315,HES1,included,included
ENSG00000069812,HES2,included,included
ENSG00000173673,HES3,not included,not_included
ENSG00000188290,HES4,included,included
ENSG00000197921,HES5,included,included
ENSG00000144485,HES6,included,included
ENSG00000179111,HES7,included,included
ENSG00000164683,HEY1,included,included
ENSG00000135547,HEY2,included,included
ENSG00000163909,HEYL,not included,included
ENSG00000100644,HIF1A,not included,included
ENSG00000124440,HIF3A,included,included
ENSG00000104903,LYL1,included,included
ENSG00000125952,MAX,included,included
ENSG00000166823,MESP1,included,included
ENSG00000188095,MESP2,not included,included
ENSG00000187098,MITF,included,included
ENSG00000108788,MLX,not included,included
ENSG00000175727,MLXIP,included,included
ENSG00000009950,MLXIPL,not included,included
ENSG00000070444,MNT,included,included
ENSG00000178860,MSC,included,included
ENSG00000151379,MSGN1,not included,not_included
ENSG00000059728,MXD1,included,included
ENSG00000213347,MXD3,included,included
ENSG00000123933,MXD4,not included,included
ENSG00000119950,MXI1,included,included
ENSG00000136997,MYC,included,included
ENSG00000116990,MYCL,included,included
ENSG00000134323,MYCN,included,included
ENSG00000111049,MYF5,not included,included
ENSG00000111046,MYF6,included,included
ENSG00000129152,MYOD1,not included,included
ENSG00000122180,MYOG,not included,included
ENSG00000084676,NCOA1,not included,included
ENSG00000140396,NCOA2,not included,included
ENSG00000124151,NCOA3,included,included
ENSG00000162992,NEUROD1,not included,included
ENSG00000171532,NEUROD2,included,included
ENSG00000123307,NEUROD4,not included,included
ENSG00000164600,NEUROD6,not included,included
ENSG00000181965,NEUROG1,included,included
ENSG00000178403,NEUROG2,not included,included
ENSG00000122859,NEUROG3,included,included
ENSG00000171786,NHLH1,included,included
ENSG00000177551,NHLH2,included,included
ENSG00000130751,NPAS1,not included,included
ENSG00000170485,NPAS2,included,included
ENSG00000151322,NPAS3,included,included
ENSG00000174576,NPAS4,included,included
ENSG00000184221,OLIG1,included,included
ENSG00000205927,OLIG2,included,included
ENSG00000177468,OLIG3,included,included
ENSG00000168267,PTF1A,included,included
ENSG00000260428,SCX,included,included
ENSG00000112246,SIM1,included,included
ENSG00000159263,SIM2,not included,included
ENSG00000165643,SOHLH1,not included,not_included
ENSG00000120669,SOHLH2,included,included
ENSG00000072310,SREBF1,included,included
ENSG00000198911,SREBF2,not included,included
ENSG00000162367,TAL1,included,included
ENSG00000186051,TAL2,included,included
ENSG00000140262,TCF12,included,included
ENSG00000125878,TCF15,included,included
ENSG00000118526,TCF21,included,included
ENSG00000163792,TCF23,included,included
ENSG00000261787,TCF24,included,included
ENSG00000071564,TCF3,not included,included
ENSG00000196628,TCF4,included,included
ENSG00000101190,TCFL5,included,included
ENSG00000090447,TFAP4,included,included
ENSG00000068323,TFE3,not included,included
ENSG00000112561,TFEB,not included,included
ENSG00000105967,TFEC,included,included
ENSG00000122691,TWIST1,included,included
ENSG00000233608,TWIST2,included,included
ENSG00000158773,USF1,not included,included
ENSG00000105698,USF2,not included,included
ENSG00000176542,USF3,included,included
ENSG00000143157,POGK,included,included
ENSG00000267281,AC023509.3,not included,not_included
ENSG00000123268,ATF1,not included,included
ENSG00000115966,ATF2,included,included
ENSG00000162772,ATF3,included,included
ENSG00000128272,ATF4,not included,included
ENSG00000169136,ATF5,included,included
ENSG00000118217,ATF6,not included,included
ENSG00000213676,ATF6B,not included,included
ENSG00000170653,ATF7,not included,included
ENSG00000156273,BACH1,included,included
ENSG00000112182,BACH2,included,included
ENSG00000156127,BATF,included,included
ENSG00000168062,BATF2,included,included
ENSG00000123685,BATF3,included,included
ENSG00000245848,CEBPA,included,included
ENSG00000172216,CEBPB,included,included
ENSG00000221869,CEBPD,included,included
ENSG00000092067,CEBPE,included,included
ENSG00000153879,CEBPG,included,included
ENSG00000118260,CREB1,included,included
ENSG00000107175,CREB3,not included,included
ENSG00000157613,CREB3L1,not included,included
ENSG00000182158,CREB3L2,included,included
ENSG00000060566,CREB3L3,included,included
ENSG00000143578,CREB3L4,not included,included
ENSG00000146592,CREB5,included,included
ENSG00000111269,CREBL2,not included,included
ENSG00000137504,CREBZF,not included,included
ENSG00000095794,CREM,included,included
ENSG00000105516,DBP,not included,included
ENSG00000175197,DDIT3,included,included
ENSG00000170345,FOS,included,included
ENSG00000125740,FOSB,included,included
ENSG00000175592,FOSL1,included,included
ENSG00000075426,FOSL2,included,included
ENSG00000108924,HLF,included,included
ENSG00000140044,JDP2,included,included
ENSG00000177606,JUN,included,included
ENSG00000171223,JUNB,included,included
ENSG00000130522,JUND,included,included
ENSG00000178573,MAF,included,included
ENSG00000182759,MAFA,not included,included
ENSG00000204103,MAFB,included,included
ENSG00000185022,MAFF,included,included
ENSG00000197063,MAFG,included,included
ENSG00000198517,MAFK,included,included
ENSG00000123405,NFE2,included,included
ENSG00000082641,NFE2L1,not included,included
ENSG00000116044,NFE2L2,included,included
ENSG00000050344,NFE2L3,included,included
ENSG00000165030,NFIL3,included,included
ENSG00000129535,NRL,not included,included
ENSG00000167074,TEF,not included,included
ENSG00000100219,XBP1,included,included
ENSG00000267179,AC008770.3,not included,not_included
ENSG00000233757,AC092835.1,not included,included
ENSG00000264668,AC138696.1,not included,not_included
ENSG00000139154,AEBP2,not included,included
ENSG00000105127,AKAP8,included,included
ENSG00000011243,AKAP8L,not included,included
ENSG00000163516,ANKZF1,not included,included
ENSG00000166454,ATMIN,not included,included
ENSG00000119866,BCL11A,included,included
ENSG00000127152,BCL11B,included,included
ENSG00000113916,BCL6,included,included
ENSG00000161940,BCL6B,not included,included
ENSG00000169594,BNC1,included,included
ENSG00000173068,BNC2,included,included
ENSG00000130940,CASZ1,not included,included
ENSG00000159588,CCDC17,not included,included
ENSG00000198824,CHAMP1,included,included
ENSG00000147183,CPXCR1,not included,not_included
ENSG00000102974,CTCF,included,included
ENSG00000124092,CTCFL,included,included
ENSG00000011332,DPF1,included,included
ENSG00000205683,DPF3,included,included
ENSG00000134874,DZIP1,included,included
ENSG00000167967,E4F1,not included,included
ENSG00000102189,EEA1,included,included
ENSG00000120738,EGR1,included,included
ENSG00000122877,EGR2,included,included
ENSG00000179388,EGR3,included,included
ENSG00000135625,EGR4,included,included
ENSG00000164334,FAM170A,included,included
ENSG00000128610,FEZF1,not included,included
ENSG00000153266,FEZF2,included,included
ENSG00000179943,FIZ1,not included,included
ENSG00000162676,GFI1,included,included
ENSG00000165702,GFI1B,included,included
ENSG00000111087,GLI1,included,included
ENSG00000074047,GLI2,included,included
ENSG00000106571,GLI3,included,included
ENSG00000250571,GLI4,not included,included
ENSG00000174332,GLIS1,included,included
ENSG00000126603,GLIS2,included,included
ENSG00000107249,GLIS3,included,included
ENSG00000122034,GTF3A,included,included
ENSG00000125812,GZF1,included,included
ENSG00000177374,HIC1,included,included
ENSG00000169635,HIC2,included,included
ENSG00000172273,HINFP,not included,included
ENSG00000095951,HIVEP1,included,included
ENSG00000010818,HIVEP2,not included,included
ENSG00000127124,HIVEP3,included,included
ENSG00000181666,HKR1,not included,not_included
ENSG00000185811,IKZF1,included,included
ENSG00000030419,IKZF2,included,included
ENSG00000161405,IKZF3,included,included
ENSG00000123411,IKZF4,included,included
ENSG00000095574,IKZF5,not included,included
ENSG00000173404,INSM1,included,included
ENSG00000168348,INSM2,included,included
ENSG00000153814,JAZF1,included,included
ENSG00000136504,KAT7,not included,included
ENSG00000176407,KCMF1,not included,included
ENSG00000151657,KIN,not included,included
ENSG00000105610,KLF1,included,included
ENSG00000155090,KLF10,included,included
ENSG00000172059,KLF11,included,included
ENSG00000118922,KLF12,not included,included
ENSG00000169926,KLF13,included,included
ENSG00000266265,KLF14,included,included
ENSG00000163884,KLF15,not included,included
ENSG00000129911,KLF16,not included,included
ENSG00000171872,KLF17,included,included
ENSG00000127528,KLF2,included,included
ENSG00000109787,KLF3,included,included
ENSG00000136826,KLF4,included,included
ENSG00000102554,KLF5,included,included
ENSG00000067082,KLF6,included,included
ENSG00000118263,KLF7,included,included
ENSG00000102349,KLF8,included,included
ENSG00000119138,KLF9,included,included
ENSG00000185513,L3MBTL1,included,included
ENSG00000198945,L3MBTL3,included,included
ENSG00000154655,L3MBTL4,included,included
ENSG00000103495,MAZ,included,included
ENSG00000085276,MECOM,included,included
ENSG00000188786,MTF1,included,included
ENSG00000085274,MYNN,not included,included
ENSG00000196132,MYT1,included,included
ENSG00000186487,MYT1L,not included,included
ENSG00000099326,MZF1,not included,included
ENSG00000143867,OSR1,included,included
ENSG00000164920,OSR2,included,included
ENSG00000172818,OVOL1,included,included
ENSG00000125850,OVOL2,included,included
ENSG00000105261,OVOL3,included,included
ENSG00000198300,PEG3,included,included
ENSG00000181690,PLAG1,included,included
ENSG00000118495,PLAGL1,included,included
ENSG00000126003,PLAGL2,included,included
ENSG00000057657,PRDM1,included,included
ENSG00000170325,PRDM10,included,included
ENSG00000130711,PRDM12,not included,included
ENSG00000112238,PRDM13,included,included
ENSG00000147596,PRDM14,included,included
ENSG00000141956,PRDM15,not included,included
ENSG00000142611,PRDM16,included,included
ENSG00000116731,PRDM2,included,included
ENSG00000110851,PRDM4,included,included
ENSG00000138738,PRDM5,included,included
ENSG00000061455,PRDM6,included,included
ENSG00000152784,PRDM8,included,included
ENSG00000164256,PRDM9,not included,included
ENSG00000185238,PRMT3,included,included
ENSG00000146587,RBAK,included,included
ENSG00000131381,RBSN,not included,included
ENSG00000214022,REPIN1,not included,included
ENSG00000084093,REST,included,included
ENSG00000117000,RLF,included,included
ENSG00000124782,RREB1,included,included
ENSG00000103449,SALL1,not included,included
ENSG00000165821,SALL2,not included,included
ENSG00000256463,SALL3,included,included
ENSG00000101115,SALL4,included,included
ENSG00000261678,SCRT1,included,included
ENSG00000215397,SCRT2,included,included
ENSG00000125520,SLC2A4RG,included,included
ENSG00000124216,SNAI1,included,included
ENSG00000019549,SNAI2,included,included
ENSG00000185669,SNAI3,not included,included
ENSG00000185591,SP1,included,included
ENSG00000167182,SP2,not included,included
ENSG00000172845,SP3,not included,included
ENSG00000105866,SP4,included,included
ENSG00000204335,SP5,included,included
ENSG00000189120,SP6,included,included
ENSG00000170374,SP7,included,included
ENSG00000164651,SP8,included,included
ENSG00000217236,SP9,not included,included
ENSG00000147488,ST18,included,included
ENSG00000135148,TRAFD1,not included,included
ENSG00000179981,TSHZ1,included,included
ENSG00000182463,TSHZ2,included,included
ENSG00000121297,TSHZ3,included,included
ENSG00000136451,VEZF1,not included,included
ENSG00000011451,WIZ,not included,included
ENSG00000184937,WT1,included,included
ENSG00000100811,YY1,not included,included
ENSG00000230797,YY2,not included,included
ENSG00000126804,ZBTB1,not included,included
ENSG00000205189,ZBTB10,included,included
ENSG00000066422,ZBTB11,included,included
ENSG00000204366,ZBTB12,not included,included
ENSG00000198081,ZBTB14,included,included
ENSG00000109906,ZBTB16,included,included
ENSG00000116809,ZBTB17,not included,included
ENSG00000179456,ZBTB18,included,included
ENSG00000181472,ZBTB2,included,included
ENSG00000181722,ZBTB20,included,included
ENSG00000173276,ZBTB21,included,included
ENSG00000236104,ZBTB22,not included,included
ENSG00000089775,ZBTB25,not included,included
ENSG00000171448,ZBTB26,not included,included
ENSG00000185670,ZBTB3,not included,included
ENSG00000011590,ZBTB32,not included,included
ENSG00000177485,ZBTB33,not included,included
ENSG00000177125,ZBTB34,not included,included
ENSG00000185278,ZBTB37,included,included
ENSG00000177311,ZBTB38,included,included
ENSG00000166860,ZBTB39,not included,included
ENSG00000174282,ZBTB4,not included,included
ENSG00000184677,ZBTB40,included,included
ENSG00000177888,ZBTB41,included,included
ENSG00000179627,ZBTB42,not included,included
ENSG00000169155,ZBTB43,included,included
ENSG00000196323,ZBTB44,not included,included
ENSG00000119574,ZBTB45,not included,included
ENSG00000130584,ZBTB46,not included,included
ENSG00000114853,ZBTB47,included,included
ENSG00000204859,ZBTB48,not included,included
ENSG00000168826,ZBTB49,not included,included
ENSG00000168795,ZBTB5,not included,included
ENSG00000186130,ZBTB6,not included,included
ENSG00000178951,ZBTB7A,included,included
ENSG00000160685,ZBTB7B,not included,included
ENSG00000184828,ZBTB7C,included,included
ENSG00000160062,ZBTB8A,included,included
ENSG00000273274,ZBTB8B,included,included
ENSG00000213588,ZBTB9,not included,included
ENSG00000066827,ZFAT,included,included
ENSG00000184517,ZFP1,not included,included
ENSG00000142065,ZFP14,not included,included
ENSG00000198939,ZFP2,not included,included
ENSG00000196867,ZFP28,not included,included
ENSG00000180787,ZFP3,not included,included
ENSG00000120784,ZFP30,included,included
ENSG00000136866,ZFP37,included,included
ENSG00000181638,ZFP41,not included,included
ENSG00000179059,ZFP42,included,included
ENSG00000204644,ZFP57,included,included
ENSG00000196670,ZFP62,not included,included
ENSG00000020256,ZFP64,not included,included
ENSG00000187815,ZFP69,not included,included
ENSG00000187801,ZFP69B,included,included
ENSG00000181007,ZFP82,included,included
ENSG00000184939,ZFP90,not included,included
ENSG00000186660,ZFP91,not included,included
ENSG00000189420,ZFP92,not included,included
ENSG00000179588,ZFPM1,included,included
ENSG00000169946,ZFPM2,included,included
ENSG00000005889,ZFX,included,included
ENSG00000067646,ZFY,included,included
ENSG00000152977,ZIC1,not included,included
ENSG00000043355,ZIC2,included,included
ENSG00000156925,ZIC3,not included,included
ENSG00000174963,ZIC4,not included,included
ENSG00000139800,ZIC5,not included,included
ENSG00000171649,ZIK1,not included,included
ENSG00000269699,ZIM2,not included,included
ENSG00000141946,ZIM3,included,included
ENSG00000106261,ZKSCAN1,not included,included
ENSG00000155592,ZKSCAN2,not included,included
ENSG00000189298,ZKSCAN3,not included,included
ENSG00000187626,ZKSCAN4,not included,included
ENSG00000196652,ZKSCAN5,not included,included
ENSG00000196345,ZKSCAN7,not included,included
ENSG00000198315,ZKSCAN8,not included,included
ENSG00000166432,ZMAT1,included,included
ENSG00000165061,ZMAT4,included,included
ENSG00000256223,ZNF10,not included,included
ENSG00000197020,ZNF100,included,included
ENSG00000181896,ZNF101,included,included
ENSG00000196247,ZNF107,included,included
ENSG00000062370,ZNF112,not included,included
ENSG00000178150,ZNF114,included,included
ENSG00000152926,ZNF117,included,included
ENSG00000164631,ZNF12,not included,included
ENSG00000197961,ZNF121,included,included
ENSG00000196418,ZNF124,not included,included
ENSG00000172262,ZNF131,not included,included
ENSG00000131849,ZNF132,not included,included
ENSG00000125846,ZNF133,not included,included
ENSG00000213762,ZNF134,not included,included
ENSG00000176293,ZNF135,not included,included
ENSG00000196646,ZNF136,not included,included
ENSG00000197008,ZNF138,not included,included
ENSG00000105708,ZNF14,not included,included
ENSG00000196387,ZNF140,not included,included
ENSG00000131127,ZNF141,included,included
ENSG00000115568,ZNF142,not included,included
ENSG00000166478,ZNF143,included,included
ENSG00000167635,ZNF146,included,included
ENSG00000163848,ZNF148,not included,included
ENSG00000179909,ZNF154,included,included
ENSG00000204920,ZNF155,not included,included
ENSG00000147117,ZNF157,not included,included
ENSG00000170631,ZNF16,included,included
ENSG00000170949,ZNF160,not included,included
ENSG00000197279,ZNF165,included,included
ENSG00000175787,ZNF169,not included,included
ENSG00000186272,ZNF17,not included,included
ENSG00000103343,ZNF174,not included,included
ENSG00000105497,ZNF175,not included,included
ENSG00000188629,ZNF177,not included,included
ENSG00000154957,ZNF18,not included,included
ENSG00000167384,ZNF180,included,included
ENSG00000197841,ZNF181,not included,included
ENSG00000147118,ZNF182,included,included
ENSG00000096654,ZNF184,included,included
ENSG00000136870,ZNF189,not included,included
ENSG00000157429,ZNF19,not included,included
ENSG00000005801,ZNF195,not included,included
ENSG00000186448,ZNF197,included,included
ENSG00000275111,ZNF2,not included,included
ENSG00000132010,ZNF20,not included,included
ENSG00000010539,ZNF200,not included,included
ENSG00000166261,ZNF202,not included,included
ENSG00000122386,ZNF205,not included,included
ENSG00000010244,ZNF207,included,included
ENSG00000160321,ZNF208,included,included
ENSG00000121417,ZNF211,not included,included
ENSG00000170260,ZNF212,not included,included
ENSG00000085644,ZNF213,not included,included
ENSG00000149050,ZNF214,included,included
ENSG00000149054,ZNF215,included,included
ENSG00000171940,ZNF217,included,included
ENSG00000165804,ZNF219,not included,included
ENSG00000165512,ZNF22,not included,included
ENSG00000159905,ZNF221,not included,included
ENSG00000159885,ZNF222,not included,included
ENSG00000178386,ZNF223,not included,included
ENSG00000267680,ZNF224,not included,included
ENSG00000256294,ZNF225,not included,included
ENSG00000167380,ZNF226,not included,included
ENSG00000131115,ZNF227,not included,included
ENSG00000278318,ZNF229,not included,included
ENSG00000167377,ZNF23,not included,included
ENSG00000159882,ZNF230,not included,included
ENSG00000167840,ZNF232,not included,included
ENSG00000159915,ZNF233,included,included
ENSG00000263002,ZNF234,included,included
ENSG00000159917,ZNF235,not included,included
ENSG00000130856,ZNF236,included,included
ENSG00000196793,ZNF239,not included,included
ENSG00000172466,ZNF24,not included,included
ENSG00000198105,ZNF248,not included,included
ENSG00000175395,ZNF25,not included,included
ENSG00000196150,ZNF250,not included,included
ENSG00000198169,ZNF251,not included,included
ENSG00000256771,ZNF253,not included,included
ENSG00000213096,ZNF254,not included,included
ENSG00000152454,ZNF256,not included,included
ENSG00000197134,ZNF257,included,included
ENSG00000198393,ZNF26,included,included
ENSG00000254004,ZNF260,included,included
ENSG00000006194,ZNF263,not included,included
ENSG00000083844,ZNF264,not included,included
ENSG00000174652,ZNF266,not included,included
ENSG00000185947,ZNF267,included,included
ENSG00000090612,ZNF268,not included,included
ENSG00000198039,ZNF273,included,included
ENSG00000171606,ZNF274,not included,included
ENSG00000063587,ZNF275,not included,included
ENSG00000158805,ZNF276,not included,included
ENSG00000198538,ZNF28,included,included
ENSG00000169548,ZNF280A,not included,included
ENSG00000275004,ZNF280B,included,included
ENSG00000056277,ZNF280C,not included,included
ENSG00000137871,ZNF280D,not included,included
ENSG00000162702,ZNF281,included,included
ENSG00000170265,ZNF282,not included,included
ENSG00000167637,ZNF283,not included,included
ENSG00000186026,ZNF284,not included,included
ENSG00000267508,ZNF285,not included,included
ENSG00000187607,ZNF286A,included,included
ENSG00000249459,ZNF286B,not included,not_included
ENSG00000141040,ZNF287,not included,included
ENSG00000188994,ZNF292,included,included
ENSG00000170684,ZNF296,included,included
ENSG00000166526,ZNF3,not included,included
ENSG00000168661,ZNF30,not included,included
ENSG00000145908,ZNF300,included,included
ENSG00000089335,ZNF302,not included,included
ENSG00000131845,ZNF304,not included,included
ENSG00000197935,ZNF311,not included,included
ENSG00000205903,ZNF316,not included,included
ENSG00000130803,ZNF317,not included,included
ENSG00000171467,ZNF318,included,included
ENSG00000166188,ZNF319,not included,included
ENSG00000169740,ZNF32,not included,included
ENSG00000182986,ZNF320,not included,included
ENSG00000181315,ZNF322,not included,included
ENSG00000083812,ZNF324,not included,included
ENSG00000249471,ZNF324B,not included,included
ENSG00000162664,ZNF326,included,included
ENSG00000181894,ZNF329,not included,included
ENSG00000130844,ZNF331,included,included
ENSG00000160961,ZNF333,not included,included
ENSG00000198185,ZNF334,not included,included
ENSG00000198026,ZNF335,not included,included
ENSG00000130684,ZNF337,not included,included
ENSG00000189180,ZNF33A,included,included
ENSG00000196693,ZNF33B,included,included
ENSG00000196378,ZNF34,not included,included
ENSG00000131061,ZNF341,not included,included
ENSG00000088876,ZNF343,not included,included
ENSG00000251247,ZNF345,not included,included
ENSG00000113761,ZNF346,not included,included
ENSG00000197937,ZNF347,included,included
ENSG00000169981,ZNF35,included,included
ENSG00000256683,ZNF350,not included,included
ENSG00000169131,ZNF354A,included,included
ENSG00000178338,ZNF354B,not included,included
ENSG00000177932,ZNF354C,included,included
ENSG00000198816,ZNF358,not included,included
ENSG00000160094,ZNF362,not included,included
ENSG00000138311,ZNF365,included,included
ENSG00000178175,ZNF366,included,included
ENSG00000165244,ZNF367,included,included
ENSG00000075407,ZNF37A,included,included
ENSG00000161298,ZNF382,included,included
ENSG00000188283,ZNF383,not included,included
ENSG00000126746,ZNF384,not included,included
ENSG00000161642,ZNF385A,included,included
ENSG00000144331,ZNF385B,included,included
ENSG00000187595,ZNF385C,not included,included
ENSG00000151789,ZNF385D,included,included
ENSG00000124613,ZNF391,not included,included
ENSG00000160908,ZNF394,not included,included
ENSG00000186918,ZNF395,not included,included
ENSG00000186496,ZNF396,not included,included
ENSG00000186812,ZNF397,not included,included
ENSG00000197024,ZNF398,not included,included
ENSG00000176222,ZNF404,not included,included
ENSG00000215421,ZNF407,included,included
ENSG00000175213,ZNF408,not included,included
ENSG00000147124,ZNF41,not included,included
ENSG00000119725,ZNF410,not included,included
ENSG00000133250,ZNF414,not included,included
ENSG00000170954,ZNF415,included,included
ENSG00000083817,ZNF416,not included,included
ENSG00000173480,ZNF417,not included,included
ENSG00000196724,ZNF418,not included,included
ENSG00000105136,ZNF419,not included,included
ENSG00000197050,ZNF420,not included,included
ENSG00000102935,ZNF423,included,included
ENSG00000204947,ZNF425,included,included
ENSG00000130818,ZNF426,not included,included
ENSG00000131116,ZNF428,not included,included
ENSG00000197013,ZNF429,not included,included
ENSG00000198521,ZNF43,included,included
ENSG00000118620,ZNF430,included,included
ENSG00000196705,ZNF431,included,included
ENSG00000256087,ZNF432,included,included
ENSG00000197647,ZNF433,included,included
ENSG00000125945,ZNF436,included,included
ENSG00000183621,ZNF438,included,included
ENSG00000171291,ZNF439,included,included
ENSG00000197857,ZNF44,included,included
ENSG00000171295,ZNF440,included,included
ENSG00000197044,ZNF441,included,included
ENSG00000198342,ZNF442,included,included
ENSG00000180855,ZNF443,not included,included
ENSG00000167685,ZNF444,not included,included
ENSG00000185219,ZNF445,not included,included
ENSG00000083838,ZNF446,not included,included
ENSG00000173275,ZNF449,included,included
ENSG00000124459,ZNF45,not included,included
ENSG00000112200,ZNF451,included,included
ENSG00000178187,ZNF454,included,included
ENSG00000197714,ZNF460,not included,included
ENSG00000197808,ZNF461,not included,included
ENSG00000148143,ZNF462,included,included
ENSG00000181444,ZNF467,included,included
ENSG00000204604,ZNF468,not included,included
ENSG00000225614,ZNF469,not included,included
ENSG00000197016,ZNF470,included,included
ENSG00000196263,ZNF471,included,included
ENSG00000142528,ZNF473,not included,included
ENSG00000164185,ZNF474,included,included
ENSG00000185177,ZNF479,not included,not_included
ENSG00000180035,ZNF48,not included,included
ENSG00000198464,ZNF480,not included,included
ENSG00000173258,ZNF483,included,included
ENSG00000127081,ZNF484,not included,included
ENSG00000198298,ZNF485,not included,included
ENSG00000256229,ZNF486,included,included
ENSG00000243660,ZNF487,included,included
ENSG00000265763,ZNF488,not included,included
ENSG00000188033,ZNF490,not included,included
ENSG00000177599,ZNF491,not included,included
ENSG00000229676,ZNF492,included,included
ENSG00000196268,ZNF493,not included,included
ENSG00000162714,ZNF496,not included,included
ENSG00000174586,ZNF497,not included,included
ENSG00000103199,ZNF500,included,included
ENSG00000186446,ZNF501,not included,included
ENSG00000196653,ZNF502,included,included
ENSG00000165655,ZNF503,included,included
ENSG00000081665,ZNF506,not included,included
ENSG00000168813,ZNF507,included,included
ENSG00000081386,ZNF510,not included,included
ENSG00000198546,ZNF511,not included,included
ENSG00000196700,ZNF512B,not included,included
ENSG00000163795,ZNF513,not included,included
ENSG00000144026,ZNF514,not included,included
ENSG00000101493,ZNF516,not included,included
ENSG00000197363,ZNF517,not included,included
ENSG00000177853,ZNF518A,included,included
ENSG00000178163,ZNF518B,included,included
ENSG00000175322,ZNF519,included,included
ENSG00000198795,ZNF521,included,included
ENSG00000203326,ZNF525,included,included
ENSG00000167625,ZNF526,not included,included
ENSG00000189164,ZNF527,not included,included
ENSG00000167555,ZNF528,included,included
ENSG00000186020,ZNF529,not included,included
ENSG00000183647,ZNF530,not included,included
ENSG00000074657,ZNF532,not included,included
ENSG00000198633,ZNF534,not included,included
ENSG00000198597,ZNF536,included,included
ENSG00000171817,ZNF540,included,included
ENSG00000178229,ZNF543,not included,included
ENSG00000198131,ZNF544,included,included
ENSG00000187187,ZNF546,not included,included
ENSG00000152433,ZNF547,included,included
ENSG00000188785,ZNF548,not included,included
ENSG00000121406,ZNF549,not included,included
ENSG00000251369,ZNF550,not included,included
ENSG00000204519,ZNF551,included,included
ENSG00000178935,ZNF552,not included,included
ENSG00000172006,ZNF554,not included,included
ENSG00000186300,ZNF555,included,included
ENSG00000172000,ZNF556,not included,included
ENSG00000130544,ZNF557,not included,included
ENSG00000167785,ZNF558,not included,included
ENSG00000188321,ZNF559,not included,included
ENSG00000198028,ZNF560,included,included
ENSG00000171469,ZNF561,included,included
ENSG00000171466,ZNF562,included,included
ENSG00000188868,ZNF563,not included,included
ENSG00000249709,ZNF564,not included,included
ENSG00000196357,ZNF565,not included,included
ENSG00000186017,ZNF566,included,included
ENSG00000189042,ZNF567,not included,included
ENSG00000198453,ZNF568,not included,included
ENSG00000196437,ZNF569,included,included
ENSG00000171970,ZNF57,not included,included
ENSG00000171827,ZNF570,included,included
ENSG00000180479,ZNF571,not included,included
ENSG00000180938,ZNF572,not included,included
ENSG00000189144,ZNF573,not included,included
ENSG00000105732,ZNF574,not included,included
ENSG00000176472,ZNF575,not included,included
ENSG00000124444,ZNF576,not included,included
ENSG00000161551,ZNF577,not included,included
ENSG00000258405,ZNF578,not included,included
ENSG00000218891,ZNF579,not included,included
ENSG00000213015,ZNF580,not included,included
ENSG00000171425,ZNF581,not included,included
ENSG00000018869,ZNF582,not included,included
ENSG00000198440,ZNF583,included,included
ENSG00000171574,ZNF584,not included,included
ENSG00000196967,ZNF585A,not included,included
ENSG00000245680,ZNF585B,not included,included
ENSG00000083828,ZNF586,not included,included
ENSG00000198466,ZNF587,not included,included
ENSG00000269343,ZNF587B,included,included
ENSG00000164048,ZNF589,not included,included
ENSG00000166716,ZNF592,not included,included
ENSG00000180626,ZNF594,included,included
ENSG00000272602,ZNF595,not included,included
ENSG00000172748,ZNF596,not included,included
ENSG00000167981,ZNF597,not included,included
ENSG00000167962,ZNF598,not included,included
ENSG00000153896,ZNF599,not included,included
ENSG00000189190,ZNF600,not included,included
ENSG00000196458,ZNF605,included,included
ENSG00000166704,ZNF606,not included,included
ENSG00000198182,ZNF607,included,included
ENSG00000168916,ZNF608,included,included
ENSG00000180357,ZNF609,included,included
ENSG00000167554,ZNF610,not included,included
ENSG00000213020,ZNF611,included,included
ENSG00000176024,ZNF613,not included,included
ENSG00000142556,ZNF614,not included,included
ENSG00000197619,ZNF615,not included,included
ENSG00000204611,ZNF616,included,included
ENSG00000157657,ZNF618,included,included
ENSG00000177873,ZNF619,not included,included
ENSG00000177842,ZNF620,included,included
ENSG00000172888,ZNF621,included,included
ENSG00000183309,ZNF623,not included,included
ENSG00000197566,ZNF624,included,included
ENSG00000257591,ZNF625,not included,included
ENSG00000188171,ZNF626,included,included
ENSG00000198551,ZNF627,not included,included
ENSG00000197483,ZNF628,not included,included
ENSG00000102870,ZNF629,not included,included
ENSG00000221994,ZNF630,not included,included
ENSG00000121864,ZNF639,not included,included
ENSG00000167528,ZNF641,not included,included
ENSG00000122482,ZNF644,not included,included
ENSG00000175809,ZNF645,not included,not_included
ENSG00000167395,ZNF646,not included,included
ENSG00000179930,ZNF648,included,included
ENSG00000198093,ZNF649,included,included
ENSG00000198740,ZNF652,not included,included
ENSG00000175105,ZNF654,included,included
ENSG00000197343,ZNF655,not included,included
ENSG00000274349,ZNF658,not included,included
ENSG00000160229,ZNF66,included,included
ENSG00000144792,ZNF660,included,included
ENSG00000182983,ZNF662,not included,included
ENSG00000179195,ZNF664,not included,included
ENSG00000197497,ZNF665,not included,included
ENSG00000198046,ZNF667,included,included
ENSG00000167394,ZNF668,not included,included
ENSG00000188295,ZNF669,not included,included
ENSG00000277462,ZNF670,included,included
ENSG00000083814,ZNF671,not included,included
ENSG00000171161,ZNF672,not included,included
ENSG00000251192,ZNF674,not included,included
ENSG00000197372,ZNF675,included,included
ENSG00000196109,ZNF676,included,included
ENSG00000197928,ZNF677,not included,included
ENSG00000181450,ZNF678,included,included
ENSG00000197123,ZNF679,not included,not_included
ENSG00000173041,ZNF680,not included,included
ENSG00000196172,ZNF681,included,included
ENSG00000197124,ZNF682,included,included
ENSG00000176083,ZNF683,included,included
ENSG00000117010,ZNF684,included,included
ENSG00000143373,ZNF687,not included,included
ENSG00000229809,ZNF688,not included,included
ENSG00000156853,ZNF689,included,included
ENSG00000198429,ZNF69,not included,included
ENSG00000164011,ZNF691,not included,included
ENSG00000171163,ZNF692,not included,included
ENSG00000197472,ZNF695,included,included
ENSG00000185730,ZNF696,included,included
ENSG00000143067,ZNF697,not included,included
ENSG00000196110,ZNF699,included,included
ENSG00000147789,ZNF7,not included,included
ENSG00000187792,ZNF70,not included,included
ENSG00000196757,ZNF700,included,included
ENSG00000167562,ZNF701,not included,included
ENSG00000183779,ZNF703,included,included
ENSG00000164684,ZNF704,included,included
ENSG00000196946,ZNF705A,included,included
ENSG00000215356,ZNF705B,not included,not_included
ENSG00000215343,ZNF705D,not included,not_included
ENSG00000214534,ZNF705E,not included,not_included
ENSG00000215372,ZNF705G,not included,not_included
ENSG00000120963,ZNF706,not included,included
ENSG00000181135,ZNF707,not included,included
ENSG00000182141,ZNF708,not included,included
ENSG00000242852,ZNF709,included,included
ENSG00000197951,ZNF71,not included,included
ENSG00000140548,ZNF710,not included,included
ENSG00000147180,ZNF711,included,included
ENSG00000178665,ZNF713,included,included
ENSG00000160352,ZNF714,included,included
ENSG00000182111,ZNF716,not included,included
ENSG00000227124,ZNF717,not included,included
ENSG00000250312,ZNF718,included,included
ENSG00000182903,ZNF721,not included,included
ENSG00000196081,ZNF724,included,included
ENSG00000213967,ZNF726,included,included
ENSG00000214652,ZNF727,included,included
ENSG00000269067,ZNF728,included,included
ENSG00000196350,ZNF729,not included,not_included
ENSG00000183850,ZNF730,included,included
ENSG00000186777,ZNF732,included,included
ENSG00000223614,ZNF735,not included,not_included
ENSG00000234444,ZNF736,included,included
ENSG00000237440,ZNF737,included,included
ENSG00000185252,ZNF74,not included,included
ENSG00000139651,ZNF740,not included,included
ENSG00000181220,ZNF746,not included,included
ENSG00000169955,ZNF747,not included,included
ENSG00000186230,ZNF749,included,included
ENSG00000141579,ZNF750,included,included
ENSG00000162086,ZNF75A,not included,included
ENSG00000186376,ZNF75D,not included,included
ENSG00000065029,ZNF76,not included,included
ENSG00000160336,ZNF761,not included,included
ENSG00000197054,ZNF763,not included,included
ENSG00000169951,ZNF764,not included,included
ENSG00000196417,ZNF765,not included,included
ENSG00000196214,ZNF766,not included,included
ENSG00000169957,ZNF768,not included,included
ENSG00000175691,ZNF77,included,included
ENSG00000198146,ZNF770,not included,included
ENSG00000179965,ZNF771,not included,included
ENSG00000197128,ZNF772,not included,included
ENSG00000152439,ZNF773,not included,included
ENSG00000196391,ZNF774,not included,included
ENSG00000196456,ZNF775,not included,included
ENSG00000152443,ZNF776,not included,included
ENSG00000196453,ZNF777,not included,included
ENSG00000170100,ZNF778,included,included
ENSG00000197782,ZNF780A,not included,included
ENSG00000128000,ZNF780B,not included,included
ENSG00000196381,ZNF781,not included,not_included
ENSG00000196597,ZNF782,not included,included
ENSG00000204946,ZNF783,not included,included
ENSG00000179922,ZNF784,not included,included
ENSG00000197162,ZNF785,included,included
ENSG00000197362,ZNF786,not included,included
ENSG00000142409,ZNF787,not included,included
ENSG00000214189,ZNF788,not included,not_included
ENSG00000198556,ZNF789,not included,included
ENSG00000196152,ZNF79,not included,included
ENSG00000197863,ZNF790,not included,included
ENSG00000173875,ZNF791,included,included
ENSG00000180884,ZNF792,not included,included
ENSG00000188227,ZNF793,included,included
ENSG00000196466,ZNF799,not included,included
ENSG00000278129,ZNF8,not included,included
ENSG00000174255,ZNF80,included,included
ENSG00000048405,ZNF800,included,included
ENSG00000170396,ZNF804A,included,included
ENSG00000182348,ZNF804B,included,included
ENSG00000204524,ZNF805,not included,included
ENSG00000198482,ZNF808,not included,included
ENSG00000197779,ZNF81,not included,included
ENSG00000198346,ZNF813,included,included
ENSG00000204514,ZNF814,not included,included
ENSG00000180257,ZNF816,not included,included
ENSG00000102984,ZNF821,not included,included
ENSG00000197933,ZNF823,not included,included
ENSG00000151612,ZNF827,not included,included
ENSG00000185869,ZNF829,included,included
ENSG00000167766,ZNF83,not included,included
ENSG00000198783,ZNF830,not included,included
ENSG00000124203,ZNF831,included,included
ENSG00000127903,ZNF835,not included,included
ENSG00000196267,ZNF836,not included,included
ENSG00000152475,ZNF837,not included,included
ENSG00000198040,ZNF84,not included,included
ENSG00000197608,ZNF841,not included,included
ENSG00000176723,ZNF843,included,included
ENSG00000223547,ZNF844,included,included
ENSG00000213799,ZNF845,included,included
ENSG00000196605,ZNF846,included,included
ENSG00000105750,ZNF85,included,included
ENSG00000267041,ZNF850,included,included
ENSG00000178917,ZNF852,not included,included
ENSG00000236609,ZNF853,not included,included
ENSG00000197385,ZNF860,not included,included
ENSG00000261221,ZNF865,not included,included
ENSG00000257446,ZNF878,included,included
ENSG00000234284,ZNF879,included,included
ENSG00000221923,ZNF880,not included,included
ENSG00000228623,ZNF883,not included,not_included
ENSG00000213793,ZNF888,not included,included
ENSG00000214029,ZNF891,included,included
ENSG00000213988,ZNF90,included,included
ENSG00000167232,ZNF91,included,included
ENSG00000146757,ZNF92,included,included
ENSG00000184635,ZNF93,included,included
ENSG00000197360,ZNF98,included,included
ENSG00000213973,ZNF99,included,included
ENSG00000152467,ZSCAN1,not included,included
ENSG00000130182,ZSCAN10,not included,included
ENSG00000158691,ZSCAN12,not included,included
ENSG00000196812,ZSCAN16,not included,included
ENSG00000121413,ZSCAN18,not included,included
ENSG00000176371,ZSCAN2,not included,included
ENSG00000121903,ZSCAN20,not included,included
ENSG00000166529,ZSCAN21,not included,included
ENSG00000182318,ZSCAN22,not included,included
ENSG00000187987,ZSCAN23,not included,included
ENSG00000197037,ZSCAN25,not included,included
ENSG00000197062,ZSCAN26,not included,included
ENSG00000140265,ZSCAN29,not included,included
ENSG00000186814,ZSCAN30,included,included
ENSG00000235109,ZSCAN31,not included,included
ENSG00000140987,ZSCAN32,not included,included
ENSG00000180532,ZSCAN4,not included,not_included
ENSG00000131848,ZSCAN5A,included,included
ENSG00000197213,ZSCAN5B,not included,included
ENSG00000204532,ZSCAN5C,not included,not_included
ENSG00000137185,ZSCAN9,not included,included
ENSG00000153975,ZUFSP,not included,not_included
ENSG00000198205,ZXDA,not included,included
ENSG00000198455,ZXDB,not included,included
ENSG00000070476,ZXDC,not included,included
ENSG00000100105,PATZ1,not included,included
ENSG00000112365,ZBTB24,not included,included
ENSG00000171443,ZNF524,not included,included
ENSG00000161914,ZNF653,not included,included
ENSG00000198839,ZNF277,not included,included
ENSG00000243943,ZNF512,not included,included
ENSG00000148516,ZEB1,included,included
ENSG00000169554,ZEB2,included,included
ENSG00000140836,ZFHX3,included,included
ENSG00000091656,ZFHX4,included,included
ENSG00000124496,TRERF1,included,included
ENSG00000118156,ZNF541,included,included
ENSG00000001167,NFYA,included,included
ENSG00000139793,MBNL2,included,included
ENSG00000144161,ZC3H8,not included,included
ENSG00000197114,ZGPAT,not included,included
ENSG00000125817,CENPB,not included,included
ENSG00000177946,CENPBD1,not included,not_included
ENSG00000234616,JRK,included,included
ENSG00000183340,JRKL,included,included
ENSG00000221944,TIGD1,not included,included
ENSG00000180346,TIGD2,not included,included
ENSG00000173825,TIGD3,not included,included
ENSG00000169989,TIGD4,included,included
ENSG00000179886,TIGD5,not included,included
ENSG00000164296,TIGD6,not included,included
ENSG00000140993,TIGD7,included,included
ENSG00000171735,CAMTA1,included,included
ENSG00000108509,CAMTA2,not included,included
ENSG00000131914,LIN28A,not included,included
ENSG00000187772,LIN28B,included,included
ENSG00000065978,YBX1,included,included
ENSG00000006047,YBX2,not included,included
ENSG00000060138,YBX3,not included,included
ENSG00000168214,RBPJ,included,included
ENSG00000124232,RBPJL,not included,included
ENSG00000257923,CUX1,not included,included
ENSG00000111249,CUX2,included,included
ENSG00000169856,ONECUT1,included,included
ENSG00000119547,ONECUT2,included,included
ENSG00000205922,ONECUT3,not included,included
ENSG00000182568,SATB1,included,included
ENSG00000119042,SATB2,not included,included
ENSG00000154832,CXXC1,not included,included
ENSG00000168772,CXXC4,included,included
ENSG00000171604,CXXC5,included,included
ENSG00000130816,DNMT1,included,included
ENSG00000099364,FBXL19,not included,included
ENSG00000173120,KDM2A,not included,included
ENSG00000089094,KDM2B,not included,included
ENSG00000138336,TET1,included,included
ENSG00000187605,TET3,not included,included
ENSG00000118058,KMT2A,not included,included
ENSG00000272333,KMT2B,not included,included
ENSG00000137090,DMRT1,not included,included
ENSG00000173253,DMRT2,included,included
ENSG00000064218,DMRT3,not included,included
ENSG00000176399,DMRTA1,included,included
ENSG00000142700,DMRTA2,not included,included
ENSG00000143006,DMRTB1,not included,included
ENSG00000142025,DMRTC2,not included,included
ENSG00000101412,E2F1,included,included
ENSG00000007968,E2F2,included,included
ENSG00000112242,E2F3,included,included
ENSG00000205250,E2F4,not included,included
ENSG00000133740,E2F5,included,included
ENSG00000169016,E2F6,included,included
ENSG00000165891,E2F7,included,included
ENSG00000129173,E2F8,included,included
ENSG00000198176,TFDP1,included,included
ENSG00000114126,TFDP2,not included,included
ENSG00000183434,TFDP3,not included,not_included
ENSG00000164330,EBF1,included,included
ENSG00000221818,EBF2,included,included
ENSG00000108001,EBF3,included,included
ENSG00000088881,EBF4,included,included
ENSG00000135373,EHF,included,included
ENSG00000120690,ELF1,not included,included
ENSG00000109381,ELF2,included,included
ENSG00000102034,ELF4,not included,included
ENSG00000135374,ELF5,included,included
ENSG00000126767,ELK1,not included,included
ENSG00000111145,ELK3,not included,included
ENSG00000158711,ELK4,not included,included
ENSG00000105722,ERF,not included,included
ENSG00000157554,ERG,included,included
ENSG00000134954,ETS1,included,included
ENSG00000157557,ETS2,included,included
ENSG00000006468,ETV1,included,included
ENSG00000105672,ETV2,included,included
ENSG00000117036,ETV3,included,included
ENSG00000253831,ETV3L,not included,included
ENSG00000175832,ETV4,not included,included
ENSG00000244405,ETV5,not included,included
ENSG00000139083,ETV6,included,included
ENSG00000010030,ETV7,included,included
ENSG00000163497,FEV,included,included
ENSG00000151702,FLI1,included,included
ENSG00000154727,GABPA,included,included
ENSG00000124664,SPDEF,included,included
ENSG00000066336,SPI1,included,included
ENSG00000269404,SPIB,included,included
ENSG00000166211,SPIC,included,included
ENSG00000163435,ELF3,not included,included
ENSG00000059122,FLYWCH1,not included,included
ENSG00000129514,FOXA1,included,included
ENSG00000125798,FOXA2,included,included
ENSG00000170608,FOXA3,included,included
ENSG00000171956,FOXB1,included,included
ENSG00000204612,FOXB2,not included,not_included
ENSG00000054598,FOXC1,included,included
ENSG00000176692,FOXC2,included,included
ENSG00000251493,FOXD1,included,included
ENSG00000186564,FOXD2,included,included
ENSG00000187140,FOXD3,included,included
ENSG00000170122,FOXD4,not included,included
ENSG00000184492,FOXD4L1,included,included
ENSG00000187559,FOXD4L3,not included,not_included
ENSG00000184659,FOXD4L4,not included,not_included
ENSG00000204779,FOXD4L5,not included,not_included
ENSG00000273514,FOXD4L6,not included,not_included
ENSG00000178919,FOXE1,included,included
ENSG00000186790,FOXE3,included,included
ENSG00000103241,FOXF1,not included,included
ENSG00000137273,FOXF2,included,included
ENSG00000176165,FOXG1,included,included
ENSG00000160973,FOXH1,included,included
ENSG00000168269,FOXI1,included,included
ENSG00000186766,FOXI2,included,included
ENSG00000214336,FOXI3,included,included
ENSG00000129654,FOXJ1,included,included
ENSG00000065970,FOXJ2,not included,included
ENSG00000198815,FOXJ3,not included,included
ENSG00000164916,FOXK1,not included,included
ENSG00000141568,FOXK2,not included,included
ENSG00000176678,FOXL1,included,included
ENSG00000183770,FOXL2,not included,included
ENSG00000111206,FOXM1,included,included
ENSG00000109101,FOXN1,not included,included
ENSG00000170802,FOXN2,included,included
ENSG00000053254,FOXN3,not included,included
ENSG00000139445,FOXN4,included,included
ENSG00000150907,FOXO1,included,included
ENSG00000118689,FOXO3,not included,included
ENSG00000184481,FOXO4,not included,included
ENSG00000204060,FOXO6,not included,included
ENSG00000114861,FOXP1,not included,included
ENSG00000128573,FOXP2,included,included
ENSG00000049768,FOXP3,included,included
ENSG00000137166,FOXP4,not included,included
ENSG00000164379,FOXQ1,included,included
ENSG00000176302,FOXR1,included,included
ENSG00000189299,FOXR2,not included,included
ENSG00000179772,FOXS1,included,included
ENSG00000102145,GATA1,included,included
ENSG00000179348,GATA2,included,included
ENSG00000107485,GATA3,included,included
ENSG00000136574,GATA4,included,included
ENSG00000130700,GATA5,included,included
ENSG00000141448,GATA6,not included,included
ENSG00000167491,GATAD2A,included,included
ENSG00000143614,GATAD2B,not included,included
ENSG00000104447,TRPS1,included,included
ENSG00000220201,ZGLP1,not included,included
ENSG00000137270,GCM1,included,included
ENSG00000124827,GCM2,included,included
ENSG00000134317,GRHL1,included,included
ENSG00000083307,GRHL2,not included,included
ENSG00000158055,GRHL3,included,included
ENSG00000135457,TFCP2,not included,included
ENSG00000115112,TFCP2L1,included,included
ENSG00000153560,UBP1,included,included
ENSG00000263001,GTF2I,included,included
ENSG00000006704,GTF2IRD1,not included,included
ENSG00000196275,GTF2IRD2,not included,included
ENSG00000174428,GTF2IRD2B,not included,included
ENSG00000114439,BBX,included,included
ENSG00000079432,CIC,not included,included
ENSG00000105856,HBP1,not included,included
ENSG00000140382,HMG20A,not included,included
ENSG00000064961,HMG20B,not included,included
ENSG00000118418,HMGN3,not included,included
ENSG00000138795,LEF1,included,included
ENSG00000182968,SOX1,included,included
ENSG00000100146,SOX10,not included,included
ENSG00000176887,SOX11,included,included
ENSG00000177732,SOX12,included,included
ENSG00000143842,SOX13,included,included
ENSG00000168875,SOX14,not included,included
ENSG00000129194,SOX15,included,included
ENSG00000164736,SOX17,included,included
ENSG00000203883,SOX18,included,included
ENSG00000181449,SOX2,included,included
ENSG00000125285,SOX21,included,included
ENSG00000134595,SOX3,included,included
ENSG00000039600,SOX30,included,included
ENSG00000124766,SOX4,included,included
ENSG00000134532,SOX5,not included,included
ENSG00000110693,SOX6,included,included
ENSG00000171056,SOX7,not included,included
ENSG00000005513,SOX8,included,included
ENSG00000125398,SOX9,included,included
ENSG00000184895,SRY,not included,included
ENSG00000081059,TCF7,included,included
ENSG00000152284,TCF7L1,included,included
ENSG00000148737,TCF7L2,included,included
ENSG00000101126,ADNP,included,included
ENSG00000101544,ADNP2,included,included
ENSG00000180318,ALX1,not included,included
ENSG00000156150,ALX3,not included,included
ENSG00000052850,ALX4,included,included
ENSG00000227059,ANHX,not included,not_included
ENSG00000186103,ARGFX,not included,included
ENSG00000004848,ARX,included,included
ENSG00000125492,BARHL1,not included,included
ENSG00000143032,BARHL2,not included,not_included
ENSG00000131668,BARX1,included,included
ENSG00000043039,BARX2,included,included
ENSG00000188909,BSX,not included,included
ENSG00000113722,CDX1,included,included
ENSG00000165556,CDX2,not included,included
ENSG00000131264,CDX4,not included,not_included
ENSG00000105392,CRX,not included,included
ENSG00000109851,DBX1,not included,included
ENSG00000185610,DBX2,not included,included
ENSG00000144355,DLX1,included,included
ENSG00000115844,DLX2,included,included
ENSG00000064195,DLX3,included,included
ENSG00000108813,DLX4,not included,included
ENSG00000105880,DLX5,included,included
ENSG00000006377,DLX6,included,included
ENSG00000197587,DMBX1,included,included
ENSG00000204595,DPRX,not included,not_included
ENSG00000165606,DRGX,included,included
DUX1_HUMAN,DUX1,not included,not_included
DUX3_HUMAN,DUX3,not included,not_included
ENSG00000260596,DUX4,not included,not_included
ENSG00000258873,DUXA,not included,not_included
ENSG00000135638,EMX1,included,included
ENSG00000170370,EMX2,included,included
ENSG00000163064,EN1,not included,included
ENSG00000164778,EN2,included,included
ENSG00000123576,ESX1,not included,not_included
ENSG00000106038,EVX1,not included,included
ENSG00000174279,EVX2,included,included
ENSG00000164900,GBX1,included,included
ENSG00000168505,GBX2,included,included
ENSG00000133937,GSC,included,included
ENSG00000063515,GSC2,not included,not_included
ENSG00000169840,GSX1,not included,not_included
ENSG00000180613,GSX2,included,included
ENSG00000165259,HDX,included,included
ENSG00000163666,HESX1,not included,included
ENSG00000152804,HHEX,included,included
ENSG00000136630,HLX,included,included
ENSG00000147421,HMBOX1,not included,included
ENSG00000215612,HMX1,not included,included
ENSG00000188816,HMX2,not included,included
ENSG00000188620,HMX3,not included,included
ENSG00000135100,HNF1A,included,included
ENSG00000275410,HNF1B,included,included
ENSG00000215271,HOMEZ,not included,not_included
ENSG00000105991,HOXA1,not included,included
ENSG00000253293,HOXA10,included,included
ENSG00000005073,HOXA11,included,included
ENSG00000106031,HOXA13,included,included
ENSG00000105996,HOXA2,not included,included
ENSG00000105997,HOXA3,not included,included
ENSG00000197576,HOXA4,included,included
ENSG00000106004,HOXA5,included,included
ENSG00000106006,HOXA6,included,included
ENSG00000122592,HOXA7,included,included
ENSG00000078399,HOXA9,included,included
ENSG00000120094,HOXB1,included,included
ENSG00000159184,HOXB13,not included,included
ENSG00000173917,HOXB2,included,included
ENSG00000120093,HOXB3,not included,included
ENSG00000182742,HOXB4,included,included
ENSG00000120075,HOXB5,included,included
ENSG00000108511,HOXB6,included,included
ENSG00000260027,HOXB7,included,included
ENSG00000120068,HOXB8,included,included
ENSG00000170689,HOXB9,included,included
ENSG00000180818,HOXC10,not included,included
ENSG00000123388,HOXC11,not included,included
ENSG00000123407,HOXC12,not included,included
ENSG00000123364,HOXC13,not included,included
ENSG00000198353,HOXC4,included,included
ENSG00000172789,HOXC5,not included,included
ENSG00000197757,HOXC6,included,included
ENSG00000037965,HOXC8,included,included
ENSG00000180806,HOXC9,included,included
ENSG00000128645,HOXD1,included,included
ENSG00000128710,HOXD10,not included,included
ENSG00000128713,HOXD11,included,included
ENSG00000170178,HOXD12,not included,not_included
ENSG00000128714,HOXD13,not included,included
ENSG00000128652,HOXD3,not included,included
ENSG00000170166,HOXD4,not included,included
ENSG00000175879,HOXD8,included,included
ENSG00000128709,HOXD9,not included,included
ENSG00000170549,IRX1,included,included
ENSG00000170561,IRX2,included,included
ENSG00000177508,IRX3,included,included
ENSG00000113430,IRX4,not included,included
ENSG00000176842,IRX5,included,included
ENSG00000159387,IRX6,not included,included
ENSG00000016082,ISL1,included,included
ENSG00000159556,ISL2,included,included
ENSG00000175329,ISX,not included,included
ENSG00000138136,LBX1,not included,included
ENSG00000179528,LBX2,included,included
ENSG00000213921,LEUTX,not included,not_included
ENSG00000273706,LHX1,included,included
ENSG00000106689,LHX2,included,included
ENSG00000107187,LHX3,not included,included
ENSG00000121454,LHX4,not included,included
ENSG00000089116,LHX5,included,included
ENSG00000106852,LHX6,not included,included
ENSG00000162624,LHX8,not included,included
ENSG00000143355,LHX9,included,included
ENSG00000162761,LMX1A,not included,included
ENSG00000136944,LMX1B,included,included
ENSG00000143995,MEIS1,included,included
ENSG00000134138,MEIS2,included,included
ENSG00000105419,MEIS3,included,included
ENSG00000005102,MEOX1,included,included
ENSG00000106511,MEOX2,included,included
ENSG00000185155,MIXL1,included,included
ENSG00000150051,MKX,not included,included
ENSG00000130675,MNX1,included,included
ENSG00000163132,MSX1,included,included
ENSG00000120149,MSX2,included,included
ENSG00000111704,NANOG,not included,included
ENSG00000205857,NANOGNB,included,included
ENSG00000255192,NANOGP8,not included,not_included
ENSG00000235608,NKX1-1,not included,not_included
ENSG00000229544,NKX1-2,not included,not_included
ENSG00000136352,NKX2-1,not included,not_included
ENSG00000125820,NKX2-2,not included,not_included
ENSG00000119919,NKX2-3,included,included
ENSG00000125816,NKX2-4,not included,not_included
ENSG00000183072,NKX2-5,included,included
ENSG00000180053,NKX2-6,not included,not_included
ENSG00000136327,NKX2-8,not included,included
ENSG00000167034,NKX3-1,included,included
ENSG00000109705,NKX3-2,included,included
ENSG00000163623,NKX6-1,included,included
ENSG00000148826,NKX6-2,not included,not_included
ENSG00000165066,NKX6-3,not included,included
ENSG00000106410,NOBOX,not included,not_included
ENSG00000214513,NOTO,included,included
ENSG00000171540,OTP,included,included
ENSG00000115507,OTX1,included,included
ENSG00000165588,OTX2,not included,included
ENSG00000185630,PBX1,included,included
ENSG00000204304,PBX2,included,included
ENSG00000167081,PBX3,not included,included
ENSG00000105717,PBX4,not included,included
ENSG00000139515,PDX1,included,included
ENSG00000165462,PHOX2A,included,included
ENSG00000109132,PHOX2B,not included,included
ENSG00000069011,PITX1,included,included
ENSG00000164093,PITX2,included,included
ENSG00000107859,PITX3,included,included
ENSG00000160199,PKNOX1,included,included
ENSG00000165495,PKNOX2,not included,included
ENSG00000175325,PROP1,not included,not_included
ENSG00000116132,PRRX1,not included,included
ENSG00000167157,PRRX2,included,included
ENSG00000134438,RAX,included,included
ENSG00000173976,RAX2,not included,included
ENSG00000101883,RHOXF1,not included,included
ENSG00000131721,RHOXF2,not included,not_included
ENSG00000203989,RHOXF2B,not included,not_included
ENSG00000274529,SEBOX,not included,included
ENSG00000185960,SHOX,included,included
ENSG00000168779,SHOX2,included,included
ENSG00000126778,SIX1,included,included
ENSG00000170577,SIX2,included,included
ENSG00000138083,SIX3,not included,included
ENSG00000100625,SIX4,included,included
ENSG00000177045,SIX5,not included,included
ENSG00000184302,SIX6,not included,not_included
ENSG00000177426,TGIF1,included,included
ENSG00000118707,TGIF2,not included,included
ENSG00000153779,TGIF2LX,not included,not_included
ENSG00000176679,TGIF2LY,not included,not_included
ENSG00000107807,TLX1,included,included
ENSG00000115297,TLX2,included,included
ENSG00000164438,TLX3,included,included
ENSG00000178928,TPRX1,not included,not_included
ENSG00000164853,UNCX,not included,not_included
ENSG00000148704,VAX1,not included,included
ENSG00000116035,VAX2,not included,included
ENSG00000151650,VENTX,not included,included
ENSG00000100987,VSX1,not included,included
ENSG00000119614,VSX2,included,included
ENSG00000136367,ZFHX2,included,included
ENSG00000165156,ZHX1,included,included
ENSG00000178764,ZHX2,not included,included
ENSG00000174306,ZHX3,included,included
ENSG00000075891,PAX2,included,included
ENSG00000135903,PAX3,not included,included
ENSG00000106331,PAX4,not included,included
ENSG00000007372,PAX6,included,included
ENSG00000009709,PAX7,not included,included
ENSG00000064835,POU1F1,not included,included
ENSG00000143190,POU2F1,included,included
ENSG00000028277,POU2F2,included,included
ENSG00000137709,POU2F3,included,included
ENSG00000185668,POU3F1,included,included
ENSG00000184486,POU3F2,included,included
ENSG00000198914,POU3F3,included,included
ENSG00000196767,POU3F4,not included,included
ENSG00000152192,POU4F1,included,included
ENSG00000151615,POU4F2,included,included
ENSG00000091010,POU4F3,included,included
ENSG00000204531,POU5F1,not included,included
ENSG00000212993,POU5F1B,included,included
ENSG00000248483,POU5F2,included,included
ENSG00000184271,POU6F1,not included,included
ENSG00000106536,POU6F2,included,included
ENSG00000185122,HSF1,included,included
ENSG00000025156,HSF2,not included,included
ENSG00000102878,HSF4,not included,included
ENSG00000176160,HSF5,not included,included
ENSG00000171116,HSFX1,not included,not_included
ENSG00000268738,HSFX2,not included,not_included
ENSG00000172468,HSFY1,not included,not_included
ENSG00000169953,HSFY2,not included,not_included
ENSG00000125347,IRF1,included,included
ENSG00000168310,IRF2,not included,included
ENSG00000126456,IRF3,not included,included
ENSG00000137265,IRF4,included,included
ENSG00000128604,IRF5,included,included
ENSG00000117595,IRF6,included,included
ENSG00000185507,IRF7,included,included
ENSG00000140968,IRF8,included,included
ENSG00000213928,IRF9,included,included
ENSG00000188981,MSANTD1,included,included
ENSG00000066697,MSANTD3,not included,included
ENSG00000171169,NAIF1,not included,included
ENSG00000064489,BORCS8-MEF2B,not included,not_included
ENSG00000068305,MEF2A,included,included
ENSG00000213999,MEF2B,not included,included
ENSG00000081189,MEF2C,included,included
ENSG00000116604,MEF2D,included,included
ENSG00000112658,SRF,included,included
ENSG00000123636,BAZ2B,included,included
ENSG00000134046,MBD2,not included,included
ENSG00000071655,MBD3,included,included
ENSG00000129071,MBD4,not included,included
ENSG00000166987,MBD6,not included,included
ENSG00000127445,PIN1,not included,included
ENSG00000143379,SETDB1,not included,included
ENSG00000136169,SETDB2,included,included
ENSG00000076108,BAZ2A,not included,included
ENSG00000169057,MECP2,not included,included
ENSG00000141644,MBD1,not included,included
ENSG00000127989,MTERF1,not included,included
ENSG00000120832,MTERF2,included,included
ENSG00000156469,MTERF3,included,included
ENSG00000122085,MTERF4,not included,included
ENSG00000096401,CDC5L,not included,included
ENSG00000135164,DMTF1,not included,included
ENSG00000170903,MSANTD4,included,included
ENSG00000118513,MYB,included,included
ENSG00000185697,MYBL1,included,included
ENSG00000101057,MYBL2,included,included
ENSG00000176182,MYPOP,not included,included
ENSG00000162601,MYSM1,included,included
ENSG00000165684,SNAPC4,not included,included
ENSG00000249961,TERB1,not included,included
ENSG00000147601,TERF1,not included,included
ENSG00000132604,TERF2,included,included
ENSG00000125482,TTF1,not included,included
ENSG00000036549,ZZZ3,not included,not_included
ENSG00000124920,MYRF,included,included
ENSG00000166268,MYRFL,included,included
ENSG00000086102,NFX1,included,included
ENSG00000170448,NFXL1,included,included
ENSG00000169083,AR,included,included
ENSG00000091831,ESR1,not included,included
ENSG00000140009,ESR2,not included,included
ENSG00000173153,ESRRA,not included,included
ENSG00000119715,ESRRB,included,included
ENSG00000196482,ESRRG,included,included
ENSG00000101076,HNF4A,included,included
ENSG00000164749,HNF4G,not included,included
ENSG00000126368,NR1D1,not included,included
ENSG00000174738,NR1D2,not included,included
ENSG00000131408,NR1H2,not included,included
ENSG00000025434,NR1H3,not included,included
ENSG00000012504,NR1H4,not included,included
ENSG00000144852,NR1I2,not included,included
ENSG00000143257,NR1I3,not included,included
ENSG00000120798,NR2C1,not included,included
ENSG00000177463,NR2C2,included,included
ENSG00000112333,NR2E1,not included,included
ENSG00000278570,NR2E3,included,included
ENSG00000175745,NR2F1,included,included
ENSG00000185551,NR2F2,included,included
ENSG00000160113,NR2F6,included,included
ENSG00000113580,NR3C1,not included,included
ENSG00000151623,NR3C2,not included,included
ENSG00000123358,NR4A1,included,included
ENSG00000153234,NR4A2,included,included
ENSG00000119508,NR4A3,included,included
ENSG00000136931,NR5A1,not included,included
ENSG00000116833,NR5A2,included,included
ENSG00000148200,NR6A1,included,included
ENSG00000082175,PGR,included,included
ENSG00000186951,PPARA,included,included
ENSG00000112033,PPARD,included,included
ENSG00000132170,PPARG,included,included
ENSG00000131759,RARA,included,included
ENSG00000077092,RARB,not included,included
ENSG00000172819,RARG,not included,included
ENSG00000069667,RORA,included,included
ENSG00000198963,RORB,included,included
ENSG00000143365,RORC,included,included
ENSG00000186350,RXRA,included,included
ENSG00000204231,RXRB,not included,included
ENSG00000143171,RXRG,included,included
ENSG00000126351,THRA,not included,included
ENSG00000151090,THRB,included,included
ENSG00000111424,VDR,included,included
ENSG00000141510,TP53,included,included
ENSG00000073282,TP63,included,included
ENSG00000078900,TP73,not included,included
ENSG00000125813,PAX1,not included,included
ENSG00000196092,PAX5,included,included
ENSG00000125618,PAX8,included,included
ENSG00000198807,PAX9,included,included
ENSG00000196233,LCOR,included,included
ENSG00000178177,LCORL,included,included
ENSG00000117707,PROX1,included,included
ENSG00000119608,PROX2,not included,included
ENSG00000102908,NFAT5,not included,included
ENSG00000131196,NFATC1,included,included
ENSG00000101096,NFATC2,included,included
ENSG00000072736,NFATC3,not included,included
ENSG00000100968,NFATC4,included,included
ENSG00000109320,NFKB1,included,included
ENSG00000077150,NFKB2,included,included
ENSG00000162924,REL,included,included
ENSG00000173039,RELA,not included,included
ENSG00000104856,RELB,included,included
ENSG00000132005,RFX1,not included,included
ENSG00000087903,RFX2,included,included
ENSG00000080298,RFX3,included,included
ENSG00000111783,RFX4,not included,included
ENSG00000143390,RFX5,not included,included
ENSG00000185002,RFX6,not included,included
ENSG00000181827,RFX7,included,included
ENSG00000196460,RFX8,included,included
ENSG00000159216,RUNX1,included,included
ENSG00000124813,RUNX2,included,included
ENSG00000020633,RUNX3,included,included
ENSG00000160224,AIRE,included,included
ENSG00000177030,DEAF1,not included,included
ENSG00000162419,GMEB1,included,included
ENSG00000101216,GMEB2,not included,included
ENSG00000215474,SKOR2,not included,included
ENSG00000067066,SP100,not included,included
ENSG00000135899,SP110,included,included
ENSG00000079263,SP140,included,included
ENSG00000185404,SP140L,not included,included
ENSG00000162599,NFIA,included,included
ENSG00000147862,NFIB,included,included
ENSG00000141905,NFIC,included,included
ENSG00000008441,NFIX,included,included
ENSG00000170365,SMAD1,included,included
ENSG00000166949,SMAD3,not included,included
ENSG00000141646,SMAD4,not included,included
ENSG00000113658,SMAD5,included,included
ENSG00000120693,SMAD9,included,included
ENSG00000115415,STAT1,included,included
ENSG00000170581,STAT2,not included,included
ENSG00000168610,STAT3,included,included
ENSG00000138378,STAT4,included,included
ENSG00000126561,STAT5A,included,included
ENSG00000173757,STAT5B,included,included
ENSG00000166888,STAT6,not included,included
ENSG00000163508,EOMES,included,included
ENSG00000174197,MGA,included,included
ENSG00000164458,T,not included,not_included
ENSG00000136535,TBR1,included,included
ENSG00000184058,TBX1,included,included
ENSG00000167800,TBX10,included,included
ENSG00000092607,TBX15,included,included
ENSG00000112837,TBX18,included,included
ENSG00000143178,TBX19,not included,included
ENSG00000121068,TBX2,included,included
ENSG00000164532,TBX20,included,included
ENSG00000073861,TBX21,included,included
ENSG00000122145,TBX22,not included,included
ENSG00000135111,TBX3,included,included
ENSG00000121075,TBX4,not included,included
ENSG00000089225,TBX5,not included,included
ENSG00000149922,TBX6,not included,included
ENSG00000112592,TBP,not included,included
ENSG00000028839,TBPL1,included,included
ENSG00000182521,TBPL2,not included,included
ENSG00000189308,LIN54,included,included
ENSG00000187079,TEAD1,included,included
ENSG00000074219,TEAD2,included,included
ENSG00000007866,TEAD3,not included,included
ENSG00000197905,TEAD4,not included,included
ENSG00000131931,THAP1,included,included
ENSG00000129028,THAP10,not included,included
ENSG00000168286,THAP11,not included,included
ENSG00000137492,THAP12,not included,included
ENSG00000173451,THAP2,included,included
ENSG00000041988,THAP3,not included,included
ENSG00000176946,THAP4,not included,included
ENSG00000177683,THAP5,included,included
ENSG00000174796,THAP6,not included,included
ENSG00000184436,THAP7,not included,included
ENSG00000161277,THAP8,not included,included
ENSG00000168152,THAP9,not included,included
ENSG00000106624,AEBP1,included,included
ENSG00000160007,ARHGAP35,included,included
ENSG00000171634,BPTF,not included,included
ENSG00000104221,BRF2,not included,included
ENSG00000138380,CARF,included,included
ENSG00000132024,CC2D1A,not included,included
ENSG00000115816,CEBPZ,included,included
ENSG00000115163,CENPA,included,included
ENSG00000175279,CENPS,included,included
ENSG00000102901,CENPT,not included,included
ENSG00000169689,CENPX,included,included
ENSG00000163320,CGGBP1,not included,included
ENSG00000106554,CHCHD3,included,included
ENSG00000214575,CPEB1,included,included
ENSG00000144655,CSRNP1,included,included
ENSG00000110925,CSRNP2,not included,included
ENSG00000178662,CSRNP3,included,included
ENSG00000276644,DACH1,included,included
ENSG00000126733,DACH2,included,included
ENSG00000117505,DR1,not included,included
ENSG00000175550,DRAP1,not included,included
ENSG00000198715,GLMP,not included,included
ENSG00000062194,GPBP1,not included,included
ENSG00000159592,GPBP1L1,not included,included
ENSG00000137947,GTF2B,included,included
ENSG00000115041,KCNIP3,not included,included
ENSG00000012223,LTF,included,included
ENSG00000143033,MTF2,included,included
ENSG00000148411,NACC2,not included,included
ENSG00000230257,NFE4,not included,not_included
ENSG00000120837,NFYB,included,included
ENSG00000066136,NFYC,not included,included
ENSG00000186416,NKRF,included,included
ENSG00000243678,NME2,included,included
ENSG00000169297,NR0B1,not included,included
ENSG00000106459,NRF1,not included,included
ENSG00000170515,PA2G4,included,included
ENSG00000277258,PCGF2,included,included
ENSG00000156374,PCGF6,included,included
ENSG00000112511,PHF1,not included,included
ENSG00000119403,PHF19 ,not included,not_included
ENSG00000188313,PLSCR1,not included,included
ENSG00000110777,POU2AF1,included,included
ENSG00000138073,PREB,not included,included
ENSG00000185129,PURA,not included,included
ENSG00000146676,PURB,not included,included
ENSG00000172733,PURG,not included,included
ENSG00000166349,RAG1,included,included
ENSG00000125826,RBCK1,not included,included
ENSG00000148300,REXO4,not included,included
ENSG00000160633,SAFB,included,included
ENSG00000130254,SAFB2,included,included
ENSG00000010803,SCMH1,not included,included
ENSG00000157933,SKI,included,included
ENSG00000136603,SKIL,included,included
ENSG00000188779,SKOR1,not included,included
ENSG00000185420,SMYD3,not included,included
ENSG00000104976,SNAPC2,not included,included
ENSG00000174446,SNAPC5,not included,included
ENSG00000159140,SON,not included,included
ENSG00000065526,SPEN,included,included
ENSG00000164299,SPZ1,not included,not_included
ENSG00000100207,TCF20,not included,included
ENSG00000168769,TET2,included,included
ENSG00000151500,THYN1,not included,included
ENSG00000144747,TMF1,included,included
ENSG00000197579,TOPORS,included,included
ENSG00000102804,TSC22D1,included,included
ENSG00000136936,XPA,not included,included
,ERG,,
,ETS1,,
,ETS2,,
,ETV6,,
,FLI1,,
,GATA1,,
,GATA2,,
,GATA3,,
,GFI1,,
,GFI1B,,
,HHEX,,
,HOXA5,,
,HOXA9,,
,HOXB4,,
,IKZF1,,
,LMO2,,
,LYL1,,
,MECOM,,
,MEIS1,,
,MITF,,
,MYB,,
,NFE2,,
,NKX2-3,,
,PBX1,,
,PRDM16,,
,RUNX1,,
,SPI1,,
,TAL1,,
,TCF7,,
,TET2,,
,ATF4,,
,BCL11A,,
,FOSL1,,
,GATA1,,
,GATA2,,
,GFI1B,,
,IRF1,,
,IRF9,,
,KLF1,,
,LDB1,,
,LMO2,,
,MYB,,
,NFE2,,
,PRDM16,,
,RUNX1,,
,SNAI2,,
,SOX12,,
,SPI1,,
,TAL1,,